{
  "Fullbody": {
    "x": -17.5500031,
    "y": 18.9500427,
    "width": 429.3,
    "height": 1419.3
  },
  "Headshot": {
    "x": -64.74002,
    "y": -53.3600159,
    "width": 1583.63989,
    "height": 1493.28
  },
  "default_Top": {
    "x": 30.0,
    "y": 216.0,
    "width": 400.0,
    "height": 584.0
  },
  "default_Bot": {
    "x": -39.0,
    "y": -253.130768,
    "width": 954.0,
    "height": 1518.26147
  },
  "naked_Top": {
    "x": 30.0,
    "y": 216.0,
    "width": 400.0,
    "height": 584.0
  },
  "naked_Bot": {
    "x": -38.0,
    "y": -253.130768,
    "width": 952.0,
    "height": 1518.26147
  }
}