{
  "Fullbody": {
    "x": -22.0500031,
    "y": 22.1000366,
    "width": 438.3,
    "height": 1413.0
  },
  "Headshot": {
    "x": -81.34003,
    "y": -53.3600159,
    "width": 1616.84,
    "height": 1493.28
  },
  "default_Top": {
    "x": 30.0,
    "y": 216.0,
    "width": 400.0,
    "height": 584.0
  },
  "default_Bot": {
    "x": -49.0,
    "y": -253.130768,
    "width": 974.0,
    "height": 1518.26147
  },
  "naked_Top": {
    "x": 30.0,
    "y": 216.0,
    "width": 400.0,
    "height": 584.0
  },
  "naked_Bot": {
    "x": -38.0,
    "y": -253.130768,
    "width": 952.0,
    "height": 1518.26147
  }
}